Assembly,Category,Qty,Unit,Item,Specification / Selection,Procurement Type,Required,Unit Price (source snapshot),Example Buy / Download Link,Notes / Basis
Full Build,Printable asset,1,pack,FPV RC Car STL pack,Official STL pack; 16 files in archive; car/chassis/wheel-adapter/cover/bracket parts,Download,Yes,,https://homegenie.it/mini/1.2/examples/fpv-rc-car/download/hg-smart-car-v3-01-STL.zip,Official HomeGenie project files
Full Build,Printable asset,1,pack,Robotic Arm STL pack,"Official STL pack; 24 STL parts plus README/HISTORY; includes arm, gripper, base, FPV camera mount",Download,Yes,,https://homegenie.it/mini/1.2/examples/mr-robot/download/robot-arm-v2-04-STL.zip,Official HomeGenie project files
Full Build,PCB fabrication asset,1,pack,Motor controller shield Gerber pack,Official Gerber package for custom servo shield,Fabricate,Yes,,https://homegenie.it/mini/1.2/examples/fpv-rc-car/download/motor-controller-shield-02.zip,Official HomeGenie project files
Full Build,Controller board,1,ea,ESP32-S3 Zero-M,"Waveshare ESP32-S3-Zero-M, pre-soldered header version preferred by project link",Buy,Yes,$5.49-$7.99,https://www.waveshare.com/esp32-s3-zero.htm?sku=25517&aff_id=110491,Project page directly links this board
Full Build,Camera board,1,ea,ESP32-S3-CAM board,Use OV3660 or OV2640-class camera option; HomeGenie page suggests night-vision 850nm / 160-degree lens; Waveshare OV3660 board is closest clean current source,Buy,Yes,$16.99-$19.99,https://www.waveshare.com/product/esp32-s3-cam-ov5640.htm,Board + camera module; verify physical fit against printed cover before ordering
Full Build,FFC cable,1,ea,24-pin 0.5 mm FFC camera cable,200 mm length for car-with-arm build; same-side contacts,Buy,Yes,$3.70,https://www.newark.com/wurth-elektronik/687624200002/cable-ffc-0-5mm-200mm-24way/dp/58T2641,Direct 200 mm example; project explicitly calls for 200 mm when arm is installed
Full Build,Drive motors,4,ea,MG90S 360 continuous-rotation micro servo,For 4WD skid-steer drive; metal gear micro servo form factor,Buy,Yes,Rs. 237.29 each,https://www.makemanyrobots.com/en-us/products/mg90s-360degrees-continuous-rotation-servo-motor,Project explicitly specifies 4x MG90S 360-degree continuous rotation servos
Full Build,Arm motors,4,ea,MG90S 180-degree micro servo,Standard positioning servo for robotic arm joints/gripper,Buy,Yes,$5.49 each,https://protosupplies.com/product/servo-motor-micro-mg90s/,Arm guide specifies 4x MG90S or similar-size standard servos
Full Build,Wheels,1,set,48 mm mecanum wheel set,2x left + 2x right wheels,Buy,Yes,$48.35 per set,https://www.robotshop.com/products/48mm-steel-mecanum-wheel-set-2x-left-2x-right,Project explicitly specifies 48 mm mecanum wheel set
Full Build,Power,2,ea,6 V NiMH battery pack,Nominally 2200 mAh; one pack for motion controller/servos and one pack for ESP32-S3-CAM,Buy,Yes,N/A on source page,https://www.batteryspace.com/nimh-battery-pack-6v-2200mah-with-hitec-female-connector.aspx,"Project example says 2x 6V battery packs, e.g. NiMH 2200mAh"
Full Build,RF pigtail,1,ea,RP-SMA to U.FL pigtail cable,150 mm U.FL to RP-SMA bulkhead cable,Buy,Yes,$2.75,https://www.sparkfun.com/rp-sma-to-u-fl-cable-150mm.html,Needed if using an external screw-on antenna rather than adhesive U.FL antenna only
Full Build,RF antenna,1,ea,2.4 GHz RP-SMA WiFi antenna,2 dBi-class external antenna,Buy,Yes,$7.95,https://www.adafruit.com/product/944,Pairs with RP-SMA pigtail above; matches project wording better than adhesive-only U.FL antenna
Full Build,Fastener,12,ea,"M2 screw, 8 mm",Main car assembly fasteners,Buy,Yes,Varies,https://www.mcmaster.com/products/socket-head-cap-screws/thread-size~m2/,Project explicitly specifies 12x M2 8 mm screws
Full Build,Fastener,6,ea,"M2 screw, 4 mm",2 for PCB container and 4 for PCB bracket on car build,Buy,Yes,Varies,https://www.mcmaster.com/products/socket-head-cap-screws/thread-size~m2/,Project explicitly specifies 6x M2 4 mm screws
Full Build,Fastener,10,ea,"M2 screw, 12 mm",Robotic arm fasteners,Buy,Yes,Varies,https://www.mcmaster.com/products/socket-head-cap-screws/thread-size~m2/,Arm guide specifies 10x M2 12 mm screws
Full Build,Fastener,10,ea,"M2 screw, 10 mm",Robotic arm fasteners,Buy,Yes,Varies,https://www.mcmaster.com/products/socket-head-cap-screws/thread-size~m2/,Arm guide specifies 10x M2 10 mm screws
Full Build,Fastener,4,ea,M2 hex nut,Optional extra stability on car build,Buy,Optional,Varies,https://www.mcmaster.com/products/nuts/thread-size~m2/,Project explicitly lists 4x optional M2 nuts
Full Build,Cable,1,ea,Futaba/JR servo extension lead,10 cm extension lead,Buy,Conditional,$1.40,https://www.turbines-rc.com/en/servos-extensions-y/752-10cm-servo-extension-cable-futaba.html,Project says 1x extension cable if required when mounting arm
Full Build,Servo accessories,8,sets,Servo horns + horn screws,Usually included with servo packs; needed for arm and wheel mounting,Included with servo,Yes,Included,,Do not omit from procurement check even if bundled
Full Build,PCB component,2,ea,2-pin board power connector,JST or screw terminal style for shield power inputs,Buy,Yes,$0.11 each (header only),https://www.digikey.com/en/products/detail/jst-sales-america-inc/B2B-XH-AM/1016630,Inferred from shield assembly step; exact connector family can vary by your PCB fab/assembly choice
Full Build,PCB component,8,ea,3-pin 2.54 mm male header for servo channels,One header per servo output channel,Buy,Yes,Varies,https://www.digikey.com/en/product-highlight/a/adam-tech/shunts,Project shield supports up to 8 servo outputs; quantity inferred from assembly images/text
Full Build,PCB component,2,ea,1x9 female header strip,For mounting ESP32 board to shield,Buy,Yes,Varies,https://www.digikey.com/en/products/filter/rectangular-connectors/headers-receptacles-female-sockets/315,Project shield assembly explicitly says 2x 9-pin female headers
Full Build,PCB component,2,ea,1000 uF 16 V radial/aluminum polymer capacitor,"Stabilizing bulk capacitance for servo rail; 2 shown, up to 4 positions available",Buy,Recommended,$0.53 each,https://www.digikey.com/en/products/detail/rubycon/16ZLH1000MEFCT78X20/3568118,Project shield images show 2x 1000uF 16V caps; arm guide also recommends 100-1000uF bulk capacitance
Full Build,PCB component,1,ea,2.54 mm jumper shunt,Shared/Isolated power mode selector on shield,Buy,Recommended,$0.32,https://www.digikey.com/en/products/detail/w%C3%BCrth-elektronik/60900213421/2508447,Power-mode jumper is referenced in shield text; exact style may vary
Full Build,Tooling / fabrication,1,ea,3D printer access,Needed to fabricate car and arm components,In-house / service,Yes,,,Project assumes self-printing from STL/3MF files
Full Build,Material,1,spool,PLA+ filament,Suggested print material in arm guide,Buy,Yes,,,Quantity depends on infill and reprints; one spool is ample for prototype builds
Full Build,Tooling,1,ea,0.4 mm nozzle,Recommended print setting,In-house / service,Yes,,,Project print guidance
Full Build,Tooling,1,ea,Small Phillips screwdriver,Assembly tool,Buy,Yes,,,Explicitly called out in arm guide
Full Build,Power design note,1,note,Servo rail sizing,Arm-only guide recommends separate 5V 2-3A supply if instability occurs; car shield notes isolated-power mode for 5A+ servo rail use,Engineering note,Yes,,,"Not an extra purchased part by default, but critical for reliable integration planning"
